"FP0.6","TP0.6","FN0.6","TN0.6","FP0.7","TP0.7","FN0.7","TN0.7","FP0.8","TP0.8","FN0.8","TN0.8","FP0.9","TP0.9","FN0.9","TN0.9","FP0.62","TP0.62","FN0.62","TN0.62","FP0.72","TP0.72","FN0.72","TN0.72","FP0.82","TP0.82","FN0.82","TN0.82","FP0.92","TP0.92","FN0.92","TN0.92","FP0.63","TP0.63","FN0.63","TN0.63","FP0.73","TP0.73","FN0.73","TN0.73","FP0.83","TP0.83","FN0.83","TN0.83","FP0.93","TP0.93","FN0.93","TN0.93","FP0.64","TP0.64","FN0.64","TN0.64","FP0.74","TP0.74","FN0.74","TN0.74","FP0.84","TP0.84","FN0.84","TN0.84","FP0.94","TP0.94","FN0.94","TN0.94","S1","S2","S3","S4"
0,3,2,995,0,3,2,995,0,3,2,995,0,3,2,995,0,3,2,995,0,3,2,995,0,3,2,995,0,3,2,995,0,3,2,995,0,3,2,995,0,3,2,995,0,3,2,995,0,2,3,995,0,2,3,995,0,2,3,995,0,2,3,995,0.708109408015772,0.738658692014836,0.742343377732834,0.696018488447565
0,2,3,995,0,2,3,995,0,2,3,995,0,2,3,995,0,3,2,995,0,3,2,995,0,3,2,995,0,2,3,995,0,3,2,995,0,2,3,995,0,2,3,995,0,2,3,995,0,2,3,995,0,1,4,995,0,1,4,995,0,1,4,995,0.765120840806248,0.759435319251966,0.764801678173485,0.705252748687448
0,3,2,995,0,3,2,995,0,3,2,995,0,3,2,995,0,3,2,995,0,3,2,995,0,3,2,995,0,3,2,995,0,3,2,995,0,3,2,995,0,3,2,995,0,3,2,995,0,3,2,995,0,2,3,995,0,2,3,995,0,2,3,995,0.732831786732762,0.742427324563873,0.734921810235003,0.651742072771729
0,2,3,995,0,2,3,995,0,2,3,995,0,2,3,995,0,2,3,995,0,2,3,995,0,2,3,995,0,2,3,995,0,2,3,995,0,2,3,995,0,2,3,995,0,2,3,995,0,1,4,995,0,1,4,995,0,1,4,995,0,1,4,995,0.649006189456509,0.764087866448384,0.824648704796307,0.707979477633958
0,2,3,995,0,2,3,995,0,2,3,995,0,2,3,995,2,2,3,993,1,2,3,994,1,2,3,994,1,2,3,994,1,2,3,994,1,2,3,994,1,2,3,994,0,2,3,995,0,2,3,995,0,2,3,995,0,2,3,995,0,2,3,995,0.781112348544971,0.745743998528985,0.779721452508397,0.697133329689613
1,2,3,994,1,2,3,994,1,2,3,994,1,2,3,994,1,3,2,994,1,3,2,994,1,3,2,994,1,3,2,994,1,3,2,994,1,3,2,994,1,2,3,994,1,2,3,994,0,2,3,995,0,2,3,995,0,2,3,995,0,1,4,995,0.739381755810215,0.718091695788722,0.750468758376365,0.641756273551007
1,3,2,994,0,3,2,995,0,3,2,995,0,3,2,995,1,3,2,994,1,3,2,994,1,3,2,994,1,3,2,994,1,3,2,994,0,3,2,995,0,3,2,995,0,3,2,995,0,2,3,995,0,2,3,995,0,2,3,995,0,2,3,995,0.728426993390348,0.702467688695052,0.714308548952592,0.732109534988574
0,2,3,995,0,2,3,995,0,2,3,995,0,2,3,995,1,2,3,994,0,2,3,995,0,2,3,995,0,2,3,995,0,2,3,995,0,2,3,995,0,2,3,995,0,2,3,995,0,1,4,995,0,1,4,995,0,1,4,995,0,1,4,995,0.713289470289341,0.717475328700188,0.801194305126545,0.718119535449183
0,3,2,995,0,3,2,995,0,3,2,995,0,3,2,995,0,4,1,995,0,4,1,995,0,4,1,995,0,4,1,995,0,3,2,995,0,3,2,995,0,3,2,995,0,3,2,995,0,2,3,995,0,2,3,995,0,2,3,995,0,2,3,995,0.780883722302355,0.727420911383193,0.75463238453201,0.769747198413421
0,3,2,995,0,3,2,995,0,3,2,995,0,3,2,995,0,3,2,995,0,3,2,995,0,3,2,995,0,3,2,995,0,3,2,995,0,3,2,995,0,3,2,995,0,3,2,995,0,2,3,995,0,2,3,995,0,2,3,995,0,2,3,995,0.701764345919498,0.758837734403864,0.73795238899645,0.706472708612902
0,3,2,995,0,3,2,995,0,3,2,995,0,3,2,995,1,3,2,994,0,3,2,995,0,3,2,995,0,3,2,995,0,3,2,995,0,3,2,995,0,3,2,995,0,3,2,995,0,3,2,995,0,3,2,995,0,3,2,995,0,2,3,995,0.739850715510007,0.759584216437117,0.743203481268484,0.547373694149663
0,2,3,995,0,2,3,995,0,2,3,995,0,2,3,995,0,2,3,995,0,2,3,995,0,2,3,995,0,2,3,995,0,2,3,995,0,2,3,995,0,2,3,995,0,2,3,995,0,2,3,995,0,2,3,995,0,2,3,995,0,2,3,995,0.809747960931579,0.87890756003008,0.834957433193198,0.71885418753034
0,3,2,995,0,3,2,995,0,3,2,995,0,3,2,995,0,3,2,995,0,3,2,995,0,3,2,995,0,3,2,995,0,3,2,995,0,3,2,995,0,3,2,995,0,3,2,995,0,2,3,995,0,2,3,995,0,2,3,995,0,2,3,995,0.73388094412032,0.758360726929808,0.742638799046341,0.675795774965282
0,2,3,995,0,2,3,995,0,2,3,995,0,2,3,995,0,2,3,995,0,2,3,995,0,2,3,995,0,2,3,995,0,2,3,995,0,2,3,995,0,2,3,995,0,2,3,995,0,2,3,995,0,2,3,995,0,2,3,995,0,2,3,995,0.804370332164019,0.795437962764645,0.84506032429502,0.667106398340586
0,2,3,995,0,2,3,995,0,2,3,995,0,2,3,995,1,4,1,994,1,4,1,994,0,4,1,995,0,4,1,995,0,4,1,995,0,4,1,995,0,4,1,995,0,4,1,995,0,2,3,995,0,2,3,995,0,1,4,995,0,1,4,995,0.68851866466556,0.676788194612144,0.670646062470798,0.608850922265802
0,3,2,995,0,3,2,995,0,3,2,995,0,3,2,995,0,3,2,995,0,3,2,995,0,3,2,995,0,3,2,995,0,3,2,995,0,3,2,995,0,3,2,995,0,3,2,995,0,1,4,995,0,1,4,995,0,1,4,995,0,1,4,995,0.731595168613165,0.741479202092501,0.741083945632807,0.89345931801482
0,3,2,995,0,3,2,995,0,3,2,995,0,3,2,995,0,3,2,995,0,3,2,995,0,3,2,995,0,3,2,995,0,3,2,995,0,3,2,995,0,3,2,995,0,3,2,995,0,3,2,995,0,3,2,995,0,3,2,995,0,3,2,995,0.771808631318416,0.757835429195204,0.781471859526443,0.53922930636143
1,2,3,994,0,2,3,995,0,2,3,995,0,2,3,995,1,2,3,994,1,2,3,994,1,2,3,994,1,2,3,994,1,2,3,994,1,2,3,994,1,2,3,994,0,2,3,995,0,2,3,995,0,1,4,995,0,1,4,995,0,1,4,995,0.699184764813217,0.755738857551766,0.777312804209633,0.657264922891332
1,1,4,994,1,1,4,994,1,1,4,994,1,1,4,994,1,1,4,994,1,1,4,994,1,1,4,994,1,1,4,994,1,1,4,994,1,1,4,994,1,1,4,994,1,1,4,994,1,1,4,994,1,1,4,994,1,1,4,994,0,1,4,995,0.733655244480508,0.780442309091484,0.820668702340515,0.665314080902838
0,2,3,995,0,2,3,995,0,2,3,995,0,2,3,995,0,2,3,995,0,2,3,995,0,2,3,995,0,2,3,995,0,2,3,995,0,2,3,995,0,2,3,995,0,2,3,995,0,2,3,995,0,2,3,995,0,2,3,995,0,1,4,995,0.811907757803776,0.817380277085155,0.797943788277662,0.674160671903278
0,3,2,995,0,3,2,995,0,3,2,995,0,3,2,995,0,3,2,995,0,3,2,995,0,3,2,995,0,3,2,995,0,3,2,995,0,3,2,995,0,3,2,995,0,3,2,995,0,2,3,995,0,2,3,995,0,2,3,995,0,1,4,995,0.731724943667604,0.743921091353315,0.762561427079895,0.665081571197841
0,3,2,995,0,3,2,995,0,3,2,995,0,3,2,995,0,4,1,995,0,4,1,995,0,4,1,995,0,3,2,995,0,3,2,995,0,3,2,995,0,3,2,995,0,3,2,995,0,2,3,995,0,2,3,995,0,2,3,995,0,2,3,995,0.76696084041618,0.742214291154446,0.744952932668847,0.664508742803837
1,2,3,994,0,2,3,995,0,2,3,995,0,2,3,995,1,2,3,994,1,2,3,994,1,2,3,994,1,2,3,994,1,2,3,994,1,2,3,994,1,2,3,994,1,2,3,994,0,2,3,995,0,2,3,995,0,2,3,995,0,2,3,995,0.775613402302395,0.767314584008292,0.764655931775194,0.700793299846496
0,2,3,995,0,2,3,995,0,2,3,995,0,2,3,995,0,3,2,995,0,3,2,995,0,3,2,995,0,3,2,995,0,2,3,995,0,2,3,995,0,2,3,995,0,2,3,995,0,2,3,995,0,2,3,995,0,2,3,995,0,2,3,995,0.762649117423517,0.753609926662642,0.760025057803007,0.73954616478754
0,1,4,995,0,1,4,995,0,1,4,995,0,1,4,995,2,2,3,993,1,2,3,994,1,1,4,994,1,1,4,994,1,2,3,994,1,2,3,994,1,2,3,994,1,1,4,994,0,1,4,995,0,1,4,995,0,1,4,995,0,1,4,995,0.705450186271955,0.656895201506105,0.683114183288037,0.826737509912662
1,2,3,994,1,2,3,994,1,2,3,994,1,2,3,994,1,2,3,994,1,2,3,994,1,2,3,994,1,2,3,994,1,2,3,994,1,2,3,994,1,2,3,994,1,2,3,994,0,1,4,995,0,1,4,995,0,1,4,995,0,1,4,995,0.726904471031572,0.752046478634056,0.752826802821653,0.736873364607426
0,2,3,995,0,2,3,995,0,2,3,995,0,2,3,995,0,2,3,995,0,2,3,995,0,2,3,995,0,2,3,995,0,2,3,995,0,2,3,995,0,2,3,995,0,2,3,995,0,2,3,995,0,2,3,995,0,1,4,995,0,1,4,995,0.762237834026779,0.847698210802767,0.825364387175515,0.616768047002353
0,2,3,995,0,2,3,995,0,2,3,995,0,2,3,995,0,2,3,995,0,2,3,995,0,2,3,995,0,2,3,995,0,2,3,995,0,2,3,995,0,2,3,995,0,2,3,995,0,1,4,995,0,1,4,995,0,1,4,995,0,1,4,995,0.74640885729403,0.777115525749971,0.816460738095069,0.827903702941252
0,2,3,995,0,2,3,995,0,2,3,995,0,1,4,995,1,3,2,994,1,3,2,994,0,3,2,995,0,3,2,995,0,3,2,995,0,3,2,995,0,2,3,995,0,2,3,995,0,1,4,995,0,1,4,995,0,1,4,995,0,1,4,995,0.659617526683503,0.698424692501264,0.798237253913646,0.740921939780456
0,3,2,995,0,3,2,995,0,3,2,995,0,3,2,995,0,3,2,995,0,3,2,995,0,3,2,995,0,3,2,995,0,3,2,995,0,3,2,995,0,3,2,995,0,3,2,995,0,2,3,995,0,2,3,995,0,2,3,995,0,2,3,995,0.735663481795575,0.729742359764912,0.73750664610472,0.708401898251785
1,2,3,994,1,2,3,994,1,2,3,994,0,2,3,995,1,3,2,994,0,3,2,995,0,3,2,995,0,2,3,995,0,3,2,995,0,3,2,995,0,2,3,995,0,2,3,995,0,2,3,995,0,1,4,995,0,1,4,995,0,1,4,995,0.641421724032806,0.694971918222623,0.701812878979558,0.398062045411261
0,3,2,995,0,3,2,995,0,3,2,995,0,3,2,995,0,3,2,995,0,3,2,995,0,3,2,995,0,3,2,995,0,3,2,995,0,3,2,995,0,3,2,995,0,3,2,995,0,2,3,995,0,2,3,995,0,2,3,995,0,2,3,995,0.691315746899206,0.726962647682305,0.748486179168144,0.701310603101102
0,3,2,995,0,3,2,995,0,3,2,995,0,3,2,995,0,3,2,995,0,3,2,995,0,3,2,995,0,3,2,995,0,3,2,995,0,3,2,995,0,3,2,995,0,3,2,995,0,2,3,995,0,2,3,995,0,2,3,995,0,2,3,995,0.732937416038277,0.730944196886859,0.713899673770802,0.707542982437247
0,2,3,995,0,2,3,995,0,2,3,995,0,2,3,995,0,2,3,995,0,2,3,995,0,2,3,995,0,2,3,995,0,2,3,995,0,2,3,995,0,2,3,995,0,2,3,995,0,1,4,995,0,1,4,995,0,1,4,995,0,1,4,995,0.718516116976267,0.764516760842363,0.77188398075564,0.818182180406192
0,2,3,995,0,2,3,995,0,2,3,995,0,2,3,995,0,2,3,995,0,2,3,995,0,2,3,995,0,2,3,995,0,2,3,995,0,2,3,995,0,2,3,995,0,2,3,995,0,1,4,995,0,1,4,995,0,1,4,995,0,1,4,995,0.732833368659173,0.780904882040852,0.754581234439791,0.838189665983017
1,2,3,994,0,2,3,995,0,2,3,995,0,2,3,995,1,2,3,994,1,2,3,994,1,2,3,994,1,2,3,994,1,2,3,994,1,2,3,994,1,2,3,994,1,2,3,994,0,1,4,995,0,1,4,995,0,1,4,995,0,1,4,995,0.721763177530846,0.724328291220557,0.7305710949469,0.441590514886229
0,3,2,995,0,3,2,995,0,3,2,995,0,3,2,995,0,3,2,995,0,3,2,995,0,3,2,995,0,3,2,995,0,3,2,995,0,3,2,995,0,3,2,995,0,3,2,995,0,2,3,995,0,2,3,995,0,2,3,995,0,2,3,995,0.70320124262705,0.737204094324627,0.758017351493149,0.683943122860787
0,3,2,995,0,3,2,995,0,3,2,995,0,3,2,995,0,3,2,995,0,3,2,995,0,3,2,995,0,3,2,995,0,3,2,995,0,3,2,995,0,3,2,995,0,3,2,995,0,2,3,995,0,2,3,995,0,2,3,995,0,1,4,995,0.731657907975572,0.734622994628188,0.770531393163926,0.69492223123533
0,2,3,995,0,2,3,995,0,2,3,995,0,2,3,995,0,3,2,995,0,3,2,995,0,3,2,995,0,3,2,995,0,3,2,995,0,3,2,995,0,2,3,995,0,2,3,995,0,1,4,995,0,1,4,995,0,1,4,995,0,1,4,995,0.685234724160263,0.777449277278621,0.751152334188958,0.65400854441795
1,2,3,994,1,2,3,994,1,2,3,994,1,2,3,994,1,2,3,994,1,2,3,994,1,2,3,994,1,2,3,994,1,2,3,994,1,2,3,994,1,2,3,994,1,2,3,994,0,2,3,995,0,2,3,995,0,2,3,995,0,1,4,995,0.714475300491627,0.739792167990602,0.731511262904096,0.514777723114543
0,2,3,995,0,2,3,995,0,2,3,995,0,2,3,995,0,2,3,995,0,2,3,995,0,2,3,995,0,2,3,995,0,2,3,995,0,2,3,995,0,2,3,995,0,2,3,995,0,2,3,995,0,2,3,995,0,2,3,995,0,2,3,995,0.807275765170501,0.810796117547059,0.857302278300749,0.664083609396902
0,2,3,995,0,2,3,995,0,2,3,995,0,2,3,995,1,2,3,994,1,2,3,994,0,2,3,995,0,2,3,995,0,2,3,995,0,2,3,995,0,2,3,995,0,2,3,995,0,1,4,995,0,1,4,995,0,1,4,995,0,1,4,995,0.723773321783436,0.805081002905694,0.829169509859762,0.676345853112508
0,2,3,995,0,2,3,995,0,2,3,995,0,2,3,995,0,3,2,995,0,3,2,995,0,3,2,995,0,2,3,995,0,2,3,995,0,2,3,995,0,2,3,995,0,2,3,995,0,2,3,995,0,2,3,995,0,2,3,995,0,2,3,995,0.774819332869621,0.762180072912285,0.783425245778933,0.769823496433496
0,3,2,995,0,3,2,995,0,3,2,995,0,2,3,995,1,3,2,994,0,3,2,995,0,3,2,995,0,3,2,995,0,3,2,995,0,3,2,995,0,3,2,995,0,3,2,995,0,1,4,995,0,1,4,995,0,1,4,995,0,1,4,995,0.678766224249983,0.730106605208473,0.754393310999959,0.72633141872001
0,2,3,995,0,2,3,995,0,2,3,995,0,2,3,995,1,2,3,994,0,2,3,995,0,2,3,995,0,2,3,995,0,2,3,995,0,2,3,995,0,2,3,995,0,2,3,995,0,2,3,995,0,2,3,995,0,2,3,995,0,2,3,995,0.598244288220898,0.64342806195047,0.650521278190247,0.355081909299722
0,3,2,995,0,3,2,995,0,3,2,995,0,3,2,995,0,3,2,995,0,3,2,995,0,3,2,995,0,3,2,995,0,3,2,995,0,3,2,995,0,3,2,995,0,3,2,995,0,2,3,995,0,2,3,995,0,2,3,995,0,2,3,995,0.71651354262747,0.750442871598983,0.768147671903698,0.766993250049196
0,3,2,995,0,3,2,995,0,3,2,995,0,2,3,995,0,3,2,995,0,3,2,995,0,3,2,995,0,3,2,995,0,3,2,995,0,3,2,995,0,3,2,995,0,3,2,995,0,2,3,995,0,2,3,995,0,2,3,995,0,2,3,995,0.750686874538326,0.746287501733894,0.740166995173403,0.773146499532924
0,3,2,995,0,3,2,995,0,3,2,995,0,2,3,995,1,3,2,994,0,3,2,995,0,3,2,995,0,3,2,995,0,3,2,995,0,3,2,995,0,3,2,995,0,3,2,995,0,1,4,995,0,1,4,995,0,1,4,995,0,1,4,995,0.678790544441637,0.707770436474902,0.694217068482595,0.815737880875074
0,2,3,995,0,2,3,995,0,2,3,995,0,2,3,995,0,2,3,995,0,2,3,995,0,2,3,995,0,2,3,995,0,2,3,995,0,2,3,995,0,2,3,995,0,2,3,995,0,2,3,995,0,2,3,995,0,1,4,995,0,1,4,995,0.782760309998163,0.784149791343702,0.832076734774057,0.737305793733753
0,3,2,995,0,3,2,995,0,3,2,995,0,3,2,995,1,3,2,994,0,3,2,995,0,3,2,995,0,3,2,995,0,3,2,995,0,3,2,995,0,3,2,995,0,3,2,995,0,2,3,995,0,2,3,995,0,2,3,995,0,2,3,995,0.684668490916993,0.712609890423423,0.72841635628415,0.728078157958596
0,2,3,995,0,2,3,995,0,2,3,995,0,2,3,995,0,3,2,995,0,3,2,995,0,3,2,995,0,3,2,995,0,3,2,995,0,3,2,995,0,3,2,995,0,3,2,995,0,2,3,995,0,2,3,995,0,2,3,995,0,2,3,995,0.787315173087468,0.746445315455494,0.788411980620742,0.737839788325958
0,3,2,995,0,3,2,995,0,3,2,995,0,3,2,995,0,3,2,995,0,3,2,995,0,3,2,995,0,3,2,995,0,3,2,995,0,3,2,995,0,3,2,995,0,3,2,995,0,2,3,995,0,2,3,995,0,2,3,995,0,2,3,995,0.778480293186632,0.770630951837088,0.78332651258435,0.609345035151583
1,2,3,994,1,2,3,994,1,2,3,994,1,2,3,994,1,2,3,994,1,2,3,994,1,2,3,994,1,2,3,994,1,2,3,994,1,2,3,994,1,2,3,994,1,2,3,994,0,2,3,995,0,2,3,995,0,1,4,995,0,1,4,995,0.656995174978232,0.773024841007747,0.786480794642837,0.516491850898675
0,2,3,995,0,2,3,995,0,2,3,995,0,2,3,995,0,3,2,995,0,3,2,995,0,2,3,995,0,2,3,995,0,2,3,995,0,2,3,995,0,2,3,995,0,2,3,995,0,2,3,995,0,2,3,995,0,1,4,995,0,1,4,995,0.7583284913739,0.75096576574957,0.810319538415305,0.517516006658979
0,2,3,995,0,2,3,995,0,2,3,995,0,2,3,995,0,3,2,995,0,3,2,995,0,3,2,995,0,3,2,995,0,2,3,995,0,2,3,995,0,2,3,995,0,2,3,995,0,2,3,995,0,2,3,995,0,2,3,995,0,2,3,995,0.830962496149438,0.761245029486773,0.769642968549327,0.691660662269
0,3,2,995,0,3,2,995,0,3,2,995,0,3,2,995,0,3,2,995,0,3,2,995,0,3,2,995,0,3,2,995,0,3,2,995,0,3,2,995,0,3,2,995,0,3,2,995,0,1,4,995,0,1,4,995,0,1,4,995,0,1,4,995,0.645263826972782,0.76027260622561,0.815095268272021,0.410115605178817
0,3,2,995,0,3,2,995,0,3,2,995,0,3,2,995,1,3,2,994,0,3,2,995,0,3,2,995,0,3,2,995,0,3,2,995,0,3,2,995,0,3,2,995,0,3,2,995,0,2,3,995,0,2,3,995,0,2,3,995,0,2,3,995,0.716780798530595,0.713755812030857,0.739747423103411,0.736067292977374
0,3,2,995,0,2,3,995,0,2,3,995,0,2,3,995,0,3,2,995,0,3,2,995,0,3,2,995,0,3,2,995,0,3,2,995,0,3,2,995,0,3,2,995,0,3,2,995,0,1,4,995,0,1,4,995,0,1,4,995,0,1,4,995,0.698280855228197,0.723609030992701,0.747006603995104,0.690874384070744
0,3,2,995,0,3,2,995,0,2,3,995,0,2,3,995,1,3,2,994,1,3,2,994,1,3,2,994,0,3,2,995,0,3,2,995,0,3,2,995,0,3,2,995,0,3,2,995,0,2,3,995,0,2,3,995,0,2,3,995,0,2,3,995,0.76511782423943,0.714653929280719,0.759209777698409,0.686377153445445
0,2,3,995,0,2,3,995,0,2,3,995,0,2,3,995,0,3,2,995,0,3,2,995,0,3,2,995,0,3,2,995,0,3,2,995,0,3,2,995,0,2,3,995,0,2,3,995,0,2,3,995,0,1,4,995,0,1,4,995,0,1,4,995,0.742168675984344,0.730798665953621,0.752991938549149,0.785056783626461
0,2,3,995,0,2,3,995,0,2,3,995,0,2,3,995,0,3,2,995,0,3,2,995,0,3,2,995,0,3,2,995,0,3,2,995,0,3,2,995,0,3,2,995,0,2,3,995,0,1,4,995,0,1,4,995,0,1,4,995,0,1,4,995,0.646465084260215,0.70209439440532,0.726669011244334,0.825933553686983
0,3,2,995,0,3,2,995,0,3,2,995,0,2,3,995,0,3,2,995,0,3,2,995,0,3,2,995,0,3,2,995,0,3,2,995,0,3,2,995,0,3,2,995,0,3,2,995,0,2,3,995,0,2,3,995,0,1,4,995,0,1,4,995,0.691949730459791,0.717894690090409,0.73999012707919,0.721760283687821
0,3,2,995,0,3,2,995,0,3,2,995,0,3,2,995,0,4,1,995,0,4,1,995,0,4,1,995,0,4,1,995,0,4,1,995,0,4,1,995,0,4,1,995,0,3,2,995,0,2,3,995,0,2,3,995,0,2,3,995,0,1,4,995,0.733152147629667,0.740986560220264,0.733700282750228,0.78379333446775
0,2,3,995,0,2,3,995,0,2,3,995,0,2,3,995,0,2,3,995,0,2,3,995,0,2,3,995,0,2,3,995,0,2,3,995,0,2,3,995,0,2,3,995,0,2,3,995,0,1,4,995,0,1,4,995,0,1,4,995,0,1,4,995,0.749353180932129,0.849150221608898,0.832405519322607,0.693464567074095
0,3,2,995,0,3,2,995,0,3,2,995,0,2,3,995,0,3,2,995,0,3,2,995,0,3,2,995,0,3,2,995,0,3,2,995,0,3,2,995,0,3,2,995,0,3,2,995,0,1,4,995,0,1,4,995,0,1,4,995,0,1,4,995,0.670983632249635,0.732540019839012,0.761149744864211,0.655270136232059
0,3,2,995,0,3,2,995,0,3,2,995,0,3,2,995,0,3,2,995,0,3,2,995,0,3,2,995,0,3,2,995,0,3,2,995,0,3,2,995,0,3,2,995,0,3,2,995,0,2,3,995,0,2,3,995,0,2,3,995,0,2,3,995,0.722494834338817,0.727734374933528,0.718613972723348,0.777202961418237
0,2,3,995,0,2,3,995,0,2,3,995,0,2,3,995,0,3,2,995,0,3,2,995,0,3,2,995,0,3,2,995,0,3,2,995,0,3,2,995,0,3,2,995,0,3,2,995,0,2,3,995,0,2,3,995,0,2,3,995,0,2,3,995,0.766373263111462,0.752768068717117,0.762629763539046,0.65321230033882
0,2,3,995,0,2,3,995,0,2,3,995,0,2,3,995,1,4,1,994,1,4,1,994,1,3,2,994,0,3,2,995,0,2,3,995,0,2,3,995,0,2,3,995,0,2,3,995,0,2,3,995,0,2,3,995,0,2,3,995,0,1,4,995,0.727792396082433,0.709867822247153,0.79130505467405,0.594253642574264
0,3,2,995,0,3,2,995,0,3,2,995,0,3,2,995,0,3,2,995,0,3,2,995,0,3,2,995,0,3,2,995,0,3,2,995,0,3,2,995,0,3,2,995,0,3,2,995,0,2,3,995,0,2,3,995,0,2,3,995,0,2,3,995,0.740573546407229,0.754319850921714,0.754433453707233,0.68394677410613
1,3,2,994,1,3,2,994,0,3,2,995,0,3,2,995,1,3,2,994,1,3,2,994,1,3,2,994,1,3,2,994,1,3,2,994,1,3,2,994,1,3,2,994,0,3,2,995,0,1,4,995,0,1,4,995,0,1,4,995,0,1,4,995,0.706066275556098,0.730625872100131,0.71024314333324,0.615220639000787
0,3,2,995,0,3,2,995,0,3,2,995,0,3,2,995,1,3,2,994,1,3,2,994,0,3,2,995,0,3,2,995,0,3,2,995,0,3,2,995,0,3,2,995,0,3,2,995,0,1,4,995,0,1,4,995,0,1,4,995,0,1,4,995,0.722938137388409,0.748367191939883,0.774170478828046,0.775627136936948
0,3,2,995,0,3,2,995,0,3,2,995,0,3,2,995,0,3,2,995,0,3,2,995,0,3,2,995,0,3,2,995,0,3,2,995,0,3,2,995,0,3,2,995,0,3,2,995,0,1,4,995,0,1,4,995,0,1,4,995,0,1,4,995,0.660019285549584,0.759418062493012,0.799984225009849,0.808609000558534
0,3,2,995,0,3,2,995,0,3,2,995,0,3,2,995,0,3,2,995,0,3,2,995,0,3,2,995,0,3,2,995,0,3,2,995,0,3,2,995,0,3,2,995,0,3,2,995,0,2,3,995,0,2,3,995,0,2,3,995,0,2,3,995,0.703082274992753,0.724175265608747,0.749805947464253,0.573362071355328
0,2,3,995,0,2,3,995,0,2,3,995,0,2,3,995,0,3,2,995,0,3,2,995,0,3,2,995,0,3,2,995,0,2,3,995,0,2,3,995,0,2,3,995,0,2,3,995,0,2,3,995,0,2,3,995,0,2,3,995,0,2,3,995,0.786550051978056,0.782180915351147,0.772443735397901,0.700419967470277
0,2,3,995,0,2,3,995,0,1,4,995,0,1,4,995,0,2,3,995,0,2,3,995,0,2,3,995,0,2,3,995,0,2,3,995,0,2,3,995,0,2,3,995,0,2,3,995,0,1,4,995,0,1,4,995,0,1,4,995,0,0,5,995,0.630535145896105,0.727965255223895,0.781977248207918,0.461949247172364
0,2,3,995,0,2,3,995,0,2,3,995,0,2,3,995,0,3,2,995,0,3,2,995,0,3,2,995,0,3,2,995,0,3,2,995,0,3,2,995,0,3,2,995,0,3,2,995,0,2,3,995,0,2,3,995,0,2,3,995,0,2,3,995,0.785879991287999,0.726283762190046,0.775996409785319,0.668628513467883
0,3,2,995,0,3,2,995,0,3,2,995,0,3,2,995,0,3,2,995,0,3,2,995,0,3,2,995,0,3,2,995,0,3,2,995,0,3,2,995,0,3,2,995,0,3,2,995,0,1,4,995,0,1,4,995,0,1,4,995,0,1,4,995,0.71904440877069,0.729057119314788,0.707722856066391,0.878110236711872
0,2,3,995,0,2,3,995,0,2,3,995,0,2,3,995,0,2,3,995,0,2,3,995,0,2,3,995,0,2,3,995,0,2,3,995,0,2,3,995,0,2,3,995,0,2,3,995,0,1,4,995,0,1,4,995,0,1,4,995,0,1,4,995,0.72377838133687,0.794757216479476,0.780735684017313,0.828722121784875
0,3,2,995,0,3,2,995,0,3,2,995,0,3,2,995,1,3,2,994,1,3,2,994,0,3,2,995,0,3,2,995,1,3,2,994,0,3,2,995,0,3,2,995,0,3,2,995,0,3,2,995,0,2,3,995,0,1,4,995,0,1,4,995,0.730630917920768,0.733816999220397,0.748587040055444,0.497711018024702
0,2,3,995,0,2,3,995,0,2,3,995,0,2,3,995,0,2,3,995,0,2,3,995,0,2,3,995,0,2,3,995,0,2,3,995,0,2,3,995,0,2,3,995,0,2,3,995,0,2,3,995,0,2,3,995,0,2,3,995,0,2,3,995,0.813643612379086,0.768615185028351,0.746637056000878,0.715144443388241
0,2,3,995,0,2,3,995,0,2,3,995,0,2,3,995,0,2,3,995,0,2,3,995,0,2,3,995,0,2,3,995,0,2,3,995,0,2,3,995,0,2,3,995,0,2,3,995,0,1,4,995,0,1,4,995,0,1,4,995,0,1,4,995,0.688765346082465,0.75810709924889,0.766373194760394,0.87341638139322
0,3,2,995,0,3,2,995,0,3,2,995,0,3,2,995,0,4,1,995,0,4,1,995,0,4,1,995,0,4,1,995,0,3,2,995,0,3,2,995,0,3,2,995,0,3,2,995,0,2,3,995,0,2,3,995,0,1,4,995,0,1,4,995,0.701295129274511,0.722096286831901,0.73100141132993,0.576015508469427
0,3,2,995,0,3,2,995,0,2,3,995,0,2,3,995,1,3,2,994,1,3,2,994,0,3,2,995,0,3,2,995,0,3,2,995,0,3,2,995,0,3,2,995,0,2,3,995,0,1,4,995,0,1,4,995,0,1,4,995,0,1,4,995,0.677157806714446,0.758030944234339,0.76519746215206,0.855782884646055
0,3,2,995,0,3,2,995,0,3,2,995,0,3,2,995,0,3,2,995,0,3,2,995,0,3,2,995,0,3,2,995,0,3,2,995,0,3,2,995,0,3,2,995,0,3,2,995,0,1,4,995,0,1,4,995,0,1,4,995,0,1,4,995,0.759457601864504,0.743986429473605,0.754769896679646,0.790953790722473
2,2,3,993,2,2,3,993,1,2,3,994,1,2,3,994,1,2,3,994,1,2,3,994,1,2,3,994,1,2,3,994,1,2,3,994,1,2,3,994,1,2,3,994,1,2,3,994,0,1,4,995,0,1,4,995,0,1,4,995,0,1,4,995,0.627740452668297,0.697756700529678,0.692367247985294,0.720039895535741
0,3,2,995,0,3,2,995,0,3,2,995,0,2,3,995,1,3,2,994,1,3,2,994,1,3,2,994,1,3,2,994,0,3,2,995,0,3,2,995,0,3,2,995,0,3,2,995,0,2,3,995,0,2,3,995,0,2,3,995,0,2,3,995,0.765115091823915,0.749170021845333,0.778072548292019,0.737714973255226
0,3,2,995,0,3,2,995,0,3,2,995,0,3,2,995,0,4,1,995,0,4,1,995,0,4,1,995,0,4,1,995,0,4,1,995,0,3,2,995,0,3,2,995,0,3,2,995,0,3,2,995,0,3,2,995,0,2,3,995,0,1,4,995,0.722262328509973,0.717942579275,0.743065054829276,0.613861655449041
1,2,3,994,1,2,3,994,1,2,3,994,0,2,3,995,1,2,3,994,1,2,3,994,1,2,3,994,1,2,3,994,1,2,3,994,1,2,3,994,1,2,3,994,1,2,3,994,0,1,4,995,0,1,4,995,0,1,4,995,0,1,4,995,0.708918742960758,0.738892136866867,0.74265945640317,0.792344518907021
0,3,2,995,0,3,2,995,0,3,2,995,0,2,3,995,0,3,2,995,0,3,2,995,0,3,2,995,0,3,2,995,0,3,2,995,0,3,2,995,0,3,2,995,0,2,3,995,0,1,4,995,0,1,4,995,0,1,4,995,0,1,4,995,0.65977226632145,0.732280643218496,0.725475088899713,0.877505156401975
0,3,2,995,0,3,2,995,0,3,2,995,0,3,2,995,0,3,2,995,0,3,2,995,0,3,2,995,0,3,2,995,0,3,2,995,0,3,2,995,0,3,2,995,0,3,2,995,0,2,3,995,0,2,3,995,0,2,3,995,0,2,3,995,0.720896078543932,0.766529844162274,0.756782530576283,0.695397786898424
0,3,2,995,0,3,2,995,0,3,2,995,0,3,2,995,0,3,2,995,0,3,2,995,0,3,2,995,0,3,2,995,0,3,2,995,0,3,2,995,0,3,2,995,0,3,2,995,0,2,3,995,0,2,3,995,0,2,3,995,0,1,4,995,0.758358743555122,0.752584649934546,0.740486092502021,0.73140348082964
0,3,2,995,0,3,2,995,0,3,2,995,0,3,2,995,0,3,2,995,0,3,2,995,0,3,2,995,0,3,2,995,0,3,2,995,0,3,2,995,0,3,2,995,0,3,2,995,0,2,3,995,0,2,3,995,0,2,3,995,0,2,3,995,0.72669795521865,0.759017949398587,0.75280857669346,0.52799827407671
0,2,3,995,0,2,3,995,0,2,3,995,0,2,3,995,1,2,3,994,0,2,3,995,0,2,3,995,0,2,3,995,0,2,3,995,0,2,3,995,0,2,3,995,0,2,3,995,0,2,3,995,0,1,4,995,0,1,4,995,0,1,4,995,0.759569727980592,0.756530812540869,0.828609792659778,0.717944793702371
0,3,2,995,0,3,2,995,0,3,2,995,0,3,2,995,0,3,2,995,0,3,2,995,0,3,2,995,0,3,2,995,0,3,2,995,0,3,2,995,0,3,2,995,0,3,2,995,0,2,3,995,0,2,3,995,0,2,3,995,0,2,3,995,0.699400471717557,0.730489605534809,0.743516043271869,0.665883222580115
1,2,3,994,1,2,3,994,0,2,3,995,0,2,3,995,0,3,2,995,0,3,2,995,0,3,2,995,0,3,2,995,0,2,3,995,0,2,3,995,0,2,3,995,0,2,3,995,0,1,4,995,0,1,4,995,0,1,4,995,0,1,4,995,0.654687277659436,0.778358924853091,0.784747573265429,0.762816863998827
0,2,3,995,0,2,3,995,0,2,3,995,0,2,3,995,0,2,3,995,0,2,3,995,0,2,3,995,0,2,3,995,0,2,3,995,0,2,3,995,0,2,3,995,0,2,3,995,0,2,3,995,0,2,3,995,0,2,3,995,0,1,4,995,0.746886071166664,0.783155754605117,0.802306060127961,0.654735780943699
0,3,2,995,0,3,2,995,0,3,2,995,0,3,2,995,0,3,2,995,0,3,2,995,0,3,2,995,0,3,2,995,0,3,2,995,0,3,2,995,0,3,2,995,0,3,2,995,0,1,4,995,0,1,4,995,0,1,4,995,0,1,4,995,0.697406859833201,0.715692707291803,0.728600314804347,0.675943881495589
0,4,1,995,0,4,1,995,0,4,1,995,0,4,1,995,0,4,1,995,0,4,1,995,0,4,1,995,0,4,1,995,0,4,1,995,0,4,1,995,0,4,1,995,0,4,1,995,0,2,3,995,0,2,3,995,0,2,3,995,0,1,4,995,0.689707959797345,0.70610693130667,0.683689285791619,0.64759784055033
0,1,4,995,0,1,4,995,0,1,4,995,0,1,4,995,0,3,2,995,0,3,2,995,0,3,2,995,0,3,2,995,0,3,2,995,0,3,2,995,0,3,2,995,0,3,2,995,0,1,4,995,0,1,4,995,0,1,4,995,0,1,4,995,0.8204624467453,0.704849330627863,0.748975324189026,0.877230235628282
1,2,3,994,1,2,3,994,0,2,3,995,0,2,3,995,1,2,3,994,1,2,3,994,1,2,3,994,0,2,3,995,1,2,3,994,1,2,3,994,0,2,3,995,0,2,3,995,0,2,3,995,0,2,3,995,0,1,4,995,0,1,4,995,0.76950669120142,0.765616519808766,0.751956787819331,0.632659794902716
