"FP0.6","TP0.6","FN0.6","TN0.6","FP0.7","TP0.7","FN0.7","TN0.7","FP0.8","TP0.8","FN0.8","TN0.8","FP0.9","TP0.9","FN0.9","TN0.9","FP0.62","TP0.62","FN0.62","TN0.62","FP0.72","TP0.72","FN0.72","TN0.72","FP0.82","TP0.82","FN0.82","TN0.82","FP0.92","TP0.92","FN0.92","TN0.92","FP0.63","TP0.63","FN0.63","TN0.63","FP0.73","TP0.73","FN0.73","TN0.73","FP0.83","TP0.83","FN0.83","TN0.83","FP0.93","TP0.93","FN0.93","TN0.93","S1","S2","S3"
0,3,2,995,0,3,2,995,0,3,2,995,0,3,2,995,0,3,2,995,0,3,2,995,0,3,2,995,0,3,2,995,0,3,2,995,0,3,2,995,0,3,2,995,0,3,2,995,0.752323802115544,0.742343377732834,0.743278878558952
0,3,2,995,0,2,3,995,0,2,3,995,0,2,3,995,0,3,2,995,0,2,3,995,0,2,3,995,0,2,3,995,0,3,2,995,0,2,3,995,0,2,3,995,0,2,3,995,0.769753907695253,0.764801678173485,0.772946792518497
0,3,2,995,0,3,2,995,0,3,2,995,0,3,2,995,0,3,2,995,0,3,2,995,0,3,2,995,0,3,2,995,0,3,2,995,0,3,2,995,0,3,2,995,0,3,2,995,0.747953621372979,0.734921810235003,0.734921810235003
0,2,3,995,0,2,3,995,0,2,3,995,0,2,3,995,0,2,3,995,0,2,3,995,0,2,3,995,0,2,3,995,0,2,3,995,0,2,3,995,0,2,3,995,0,2,3,995,0.804783025165055,0.824648704796307,0.82086177541632
1,2,3,994,1,2,3,994,1,2,3,994,0,2,3,995,1,2,3,994,1,2,3,994,1,2,3,994,0,2,3,995,1,2,3,994,1,2,3,994,1,2,3,994,0,2,3,995,0.786676660180533,0.779721452508397,0.77995717059025
1,3,2,994,1,3,2,994,1,2,3,994,1,2,3,994,1,3,2,994,1,3,2,994,1,2,3,994,1,2,3,994,1,3,2,994,1,3,2,994,1,2,3,994,1,2,3,994,0.741285910414209,0.750468758376365,0.741410712194036
1,3,2,994,0,3,2,995,0,3,2,995,0,3,2,995,1,3,2,994,0,3,2,995,0,3,2,995,0,3,2,995,1,3,2,994,0,3,2,995,0,3,2,995,0,3,2,995,0.709545702031047,0.714308548952592,0.713630523515565
1,2,3,994,0,2,3,995,0,2,3,995,0,2,3,995,0,2,3,995,0,2,3,995,0,2,3,995,0,2,3,995,1,2,3,994,0,2,3,995,0,2,3,995,0,2,3,995,0.775434996380977,0.801194305126545,0.767135645151394
0,3,2,995,0,3,2,995,0,3,2,995,0,3,2,995,0,3,2,995,0,3,2,995,0,3,2,995,0,3,2,995,0,3,2,995,0,3,2,995,0,3,2,995,0,3,2,995,0.753631162906549,0.75463238453201,0.75463238453201
0,3,2,995,0,3,2,995,0,3,2,995,0,3,2,995,0,3,2,995,0,3,2,995,0,3,2,995,0,3,2,995,0,3,2,995,0,3,2,995,0,3,2,995,0,3,2,995,0.72880005061523,0.73795238899645,0.73795238899645
0,3,2,995,0,3,2,995,0,3,2,995,0,3,2,995,0,3,2,995,0,3,2,995,0,3,2,995,0,3,2,995,0,3,2,995,0,3,2,995,0,3,2,995,0,3,2,995,0.736880683414038,0.743203481268484,0.740965084313665
0,2,3,995,0,2,3,995,0,2,3,995,0,2,3,995,0,2,3,995,0,2,3,995,0,2,3,995,0,2,3,995,0,2,3,995,0,2,3,995,0,2,3,995,0,2,3,995,0.825364387175515,0.834957433193198,0.831649264458684
0,3,2,995,0,3,2,995,0,3,2,995,0,3,2,995,0,3,2,995,0,3,2,995,0,3,2,995,0,3,2,995,0,3,2,995,0,3,2,995,0,3,2,995,0,3,2,995,0.770965920166656,0.742638799046341,0.742441851504002
0,2,3,995,0,2,3,995,0,2,3,995,0,2,3,995,0,2,3,995,0,2,3,995,0,2,3,995,0,2,3,995,0,2,3,995,0,2,3,995,0,2,3,995,0,2,3,995,0.840241989690469,0.84506032429502,0.843528795375367
1,4,1,994,1,4,1,994,1,4,1,994,0,4,1,995,0,4,1,995,0,4,1,995,0,4,1,995,0,4,1,995,0,4,1,995,0,4,1,995,0,4,1,995,0,4,1,995,0.653037177094022,0.670646062470798,0.683239371202516
0,3,2,995,0,3,2,995,0,3,2,995,0,3,2,995,0,3,2,995,0,3,2,995,0,3,2,995,0,3,2,995,0,3,2,995,0,3,2,995,0,3,2,995,0,3,2,995,0.742399803805955,0.741083945632807,0.741867945797429
0,3,2,995,0,3,2,995,0,3,2,995,0,3,2,995,0,3,2,995,0,3,2,995,0,3,2,995,0,3,2,995,0,3,2,995,0,3,2,995,0,3,2,995,0,3,2,995,0.777761339534367,0.781471859526443,0.777709469150317
1,2,3,994,1,2,3,994,1,2,3,994,0,2,3,995,1,2,3,994,1,2,3,994,1,2,3,994,0,2,3,995,1,2,3,994,1,2,3,994,1,2,3,994,0,2,3,995,0.806297345632777,0.777312804209633,0.766495227663899
1,1,4,994,1,1,4,994,1,1,4,994,1,1,4,994,1,1,4,994,1,1,4,994,1,1,4,994,1,1,4,994,1,1,4,994,1,1,4,994,1,1,4,994,1,1,4,994,0.815168101028479,0.820668702340515,0.81786852378094
0,2,3,995,0,2,3,995,0,2,3,995,0,2,3,995,0,2,3,995,0,2,3,995,0,2,3,995,0,2,3,995,0,2,3,995,0,2,3,995,0,2,3,995,0,2,3,995,0.813918983742131,0.797943788277662,0.809065768847795
0,3,2,995,0,3,2,995,0,3,2,995,0,3,2,995,0,3,2,995,0,3,2,995,0,3,2,995,0,3,2,995,0,3,2,995,0,3,2,995,0,3,2,995,0,3,2,995,0.758968412316325,0.762561427079895,0.760734949096186
0,3,2,995,0,3,2,995,0,3,2,995,0,3,2,995,0,3,2,995,0,3,2,995,0,3,2,995,0,3,2,995,0,3,2,995,0,3,2,995,0,3,2,995,0,3,2,995,0.754892216134083,0.744952932668847,0.749403695827938
1,2,3,994,1,2,3,994,1,2,3,994,1,2,3,994,1,2,3,994,1,2,3,994,1,2,3,994,1,2,3,994,1,2,3,994,1,2,3,994,1,2,3,994,1,2,3,994,0.771096790946163,0.764655931775194,0.767434988082191
0,2,3,995,0,2,3,995,0,2,3,995,0,2,3,995,0,2,3,995,0,2,3,995,0,2,3,995,0,2,3,995,0,2,3,995,0,2,3,995,0,2,3,995,0,2,3,995,0.766023978957844,0.760025057803007,0.762568365024073
1,2,3,994,1,2,3,994,1,2,3,994,0,1,4,995,1,2,3,994,1,2,3,994,1,2,3,994,1,1,4,994,1,2,3,994,1,2,3,994,1,2,3,994,1,1,4,994,0.675783300841159,0.683114183288037,0.678398839816852
1,2,3,994,1,2,3,994,1,2,3,994,1,2,3,994,1,2,3,994,1,2,3,994,1,2,3,994,1,2,3,994,1,2,3,994,1,2,3,994,1,2,3,994,1,2,3,994,0.77142804475325,0.752826802821653,0.755513844813897
1,1,4,994,1,1,4,994,1,1,4,994,1,1,4,994,0,2,3,995,0,2,3,995,0,2,3,995,0,2,3,995,1,1,4,994,1,1,4,994,1,1,4,994,1,1,4,994,0.788356756816283,0.825364387175515,0.778032696173172
0,2,3,995,0,2,3,995,0,2,3,995,0,2,3,995,0,2,3,995,0,2,3,995,0,2,3,995,0,2,3,995,0,2,3,995,0,2,3,995,0,2,3,995,0,2,3,995,0.813345039210823,0.816460738095069,0.816663223277641
0,3,2,995,0,3,2,995,0,3,2,995,0,2,3,995,0,3,2,995,0,3,2,995,0,2,3,995,0,2,3,995,0,3,2,995,0,3,2,995,0,2,3,995,0,2,3,995,0.7613134431152,0.798237253913646,0.798237253913646
0,3,2,995,0,3,2,995,0,3,2,995,0,3,2,995,0,3,2,995,0,3,2,995,0,3,2,995,0,3,2,995,0,3,2,995,0,3,2,995,0,3,2,995,0,3,2,995,0.737259034188315,0.73750664610472,0.738726687358848
1,3,2,994,1,3,2,994,0,2,3,995,0,2,3,995,0,3,2,995,0,3,2,995,0,2,3,995,0,2,3,995,1,2,3,994,1,2,3,994,1,2,3,994,1,2,3,994,0.674871742693348,0.701812878979558,0.724113193426587
0,3,2,995,0,3,2,995,0,3,2,995,0,3,2,995,0,3,2,995,0,3,2,995,0,3,2,995,0,3,2,995,0,3,2,995,0,3,2,995,0,3,2,995,0,3,2,995,0.728991392614234,0.748486179168144,0.726122441527141
0,3,2,995,0,3,2,995,0,3,2,995,0,3,2,995,0,3,2,995,0,3,2,995,0,3,2,995,0,3,2,995,0,3,2,995,0,3,2,995,0,3,2,995,0,3,2,995,0.713899673770802,0.713899673770802,0.713899673770802
0,2,3,995,0,2,3,995,0,2,3,995,0,2,3,995,0,2,3,995,0,2,3,995,0,2,3,995,0,2,3,995,0,2,3,995,0,2,3,995,0,2,3,995,0,2,3,995,0.793938090860535,0.77188398075564,0.781527595514249
0,2,3,995,0,2,3,995,0,2,3,995,0,2,3,995,0,2,3,995,0,2,3,995,0,2,3,995,0,2,3,995,0,2,3,995,0,2,3,995,0,2,3,995,0,2,3,995,0.762014659984847,0.754581234439791,0.757875071479248
1,2,3,994,1,2,3,994,1,2,3,994,1,2,3,994,1,2,3,994,1,2,3,994,1,2,3,994,1,2,3,994,1,2,3,994,1,2,3,994,1,2,3,994,1,2,3,994,0.743870577972327,0.7305710949469,0.743870577972327
0,3,2,995,0,3,2,995,0,3,2,995,0,3,2,995,0,3,2,995,0,3,2,995,0,3,2,995,0,3,2,995,0,3,2,995,0,3,2,995,0,3,2,995,0,3,2,995,0.75701566403167,0.758017351493149,0.758017351493149
0,3,2,995,0,3,2,995,0,3,2,995,0,3,2,995,0,3,2,995,0,3,2,995,0,3,2,995,0,3,2,995,0,3,2,995,0,3,2,995,0,3,2,995,0,3,2,995,0.768634008284704,0.770531393163926,0.770531393163926
0,3,2,995,0,3,2,995,0,3,2,995,0,3,2,995,0,3,2,995,0,3,2,995,0,2,3,995,0,2,3,995,0,3,2,995,0,3,2,995,0,3,2,995,0,3,2,995,0.783950171449723,0.751152334188958,0.781912316304908
1,2,3,994,1,2,3,994,1,2,3,994,1,2,3,994,1,2,3,994,1,2,3,994,1,2,3,994,1,2,3,994,1,2,3,994,1,2,3,994,1,2,3,994,1,2,3,994,0.727736107865708,0.731511262904096,0.724333736350051
0,2,3,995,0,2,3,995,0,2,3,995,0,2,3,995,0,2,3,995,0,2,3,995,0,2,3,995,0,2,3,995,0,2,3,995,0,2,3,995,0,2,3,995,0,2,3,995,0.856869598732225,0.857302278300749,0.857042670559633
0,2,3,995,0,2,3,995,0,2,3,995,0,2,3,995,0,2,3,995,0,2,3,995,0,2,3,995,0,2,3,995,0,2,3,995,0,2,3,995,0,2,3,995,0,2,3,995,0.847616766210177,0.829169509859762,0.847616766210177
0,2,3,995,0,2,3,995,0,2,3,995,0,2,3,995,0,2,3,995,0,2,3,995,0,2,3,995,0,2,3,995,0,2,3,995,0,2,3,995,0,2,3,995,0,2,3,995,0.769737764304794,0.783425245778933,0.783425245778933
0,3,2,995,0,3,2,995,0,3,2,995,0,3,2,995,0,3,2,995,0,3,2,995,0,3,2,995,0,3,2,995,0,3,2,995,0,3,2,995,0,3,2,995,0,3,2,995,0.749037722984071,0.754393310999959,0.747262804454205
0,2,3,995,0,2,3,995,0,2,3,995,0,2,3,995,0,2,3,995,0,2,3,995,0,2,3,995,0,2,3,995,0,2,3,995,0,2,3,995,0,2,3,995,0,2,3,995,0.660694579327606,0.650521278190247,0.686136550592923
0,3,2,995,0,3,2,995,0,3,2,995,0,3,2,995,0,3,2,995,0,3,2,995,0,3,2,995,0,3,2,995,0,3,2,995,0,3,2,995,0,3,2,995,0,3,2,995,0.766293327124431,0.768147671903698,0.764345862774427
0,3,2,995,0,3,2,995,0,3,2,995,0,3,2,995,0,3,2,995,0,3,2,995,0,3,2,995,0,3,2,995,0,3,2,995,0,3,2,995,0,3,2,995,0,3,2,995,0.741772587725589,0.740166995173403,0.740142594290145
0,3,2,995,0,3,2,995,0,3,2,995,0,3,2,995,0,3,2,995,0,3,2,995,0,3,2,995,0,3,2,995,0,3,2,995,0,3,2,995,0,3,2,995,0,3,2,995,0.690435492383576,0.694217068482595,0.690811430930135
0,2,3,995,0,2,3,995,0,2,3,995,0,2,3,995,0,2,3,995,0,2,3,995,0,2,3,995,0,2,3,995,0,2,3,995,0,2,3,995,0,2,3,995,0,2,3,995,0.837448454872747,0.832076734774057,0.832159394515738
0,3,2,995,0,3,2,995,0,3,2,995,0,3,2,995,0,3,2,995,0,3,2,995,0,3,2,995,0,3,2,995,0,3,2,995,0,3,2,995,0,3,2,995,0,3,2,995,0.729866787808649,0.72841635628415,0.726446383858719
0,3,2,995,0,3,2,995,0,3,2,995,0,3,2,995,0,3,2,995,0,3,2,995,0,3,2,995,0,3,2,995,0,3,2,995,0,3,2,995,0,3,2,995,0,3,2,995,0.764482521217366,0.788411980620742,0.788357029830098
0,3,2,995,0,3,2,995,0,3,2,995,0,3,2,995,0,3,2,995,0,3,2,995,0,3,2,995,0,3,2,995,0,3,2,995,0,3,2,995,0,3,2,995,0,3,2,995,0.786902665832758,0.78332651258435,0.788916475596696
1,2,3,994,1,2,3,994,1,2,3,994,1,2,3,994,1,2,3,994,1,2,3,994,1,2,3,994,1,2,3,994,1,2,3,994,1,2,3,994,1,2,3,994,1,2,3,994,0.788392569234232,0.786480794642837,0.790474009057836
0,2,3,995,0,2,3,995,0,2,3,995,0,2,3,995,0,2,3,995,0,2,3,995,0,2,3,995,0,2,3,995,0,2,3,995,0,2,3,995,0,2,3,995,0,2,3,995,0.801348307464209,0.810319538415305,0.810319538415305
0,3,2,995,0,3,2,995,0,3,2,995,0,2,3,995,0,2,3,995,0,2,3,995,0,2,3,995,0,2,3,995,0,3,2,995,0,2,3,995,0,2,3,995,0,2,3,995,0.808967817696557,0.769642968549327,0.769548886465474
0,3,2,995,0,3,2,995,0,3,2,995,0,3,2,995,0,3,2,995,0,3,2,995,0,3,2,995,0,3,2,995,0,3,2,995,0,3,2,995,0,3,2,995,0,3,2,995,0.768199148885956,0.815095268272021,0.81726114570946
0,3,2,995,0,3,2,995,0,3,2,995,0,3,2,995,0,3,2,995,0,3,2,995,0,3,2,995,0,3,2,995,0,3,2,995,0,3,2,995,0,3,2,995,0,3,2,995,0.74702884437675,0.739747423103411,0.739649186781096
0,3,2,995,0,3,2,995,0,3,2,995,0,3,2,995,0,3,2,995,0,3,2,995,0,3,2,995,0,3,2,995,0,3,2,995,0,3,2,995,0,3,2,995,0,3,2,995,0.759428932286782,0.747006603995104,0.757605743040461
0,3,2,995,0,3,2,995,0,3,2,995,0,3,2,995,0,3,2,995,0,3,2,995,0,3,2,995,0,3,2,995,0,3,2,995,0,3,2,995,0,3,2,995,0,3,2,995,0.766206688276224,0.759209777698409,0.759991818043654
0,3,2,995,0,3,2,995,0,3,2,995,0,3,2,995,0,3,2,995,0,3,2,995,0,2,3,995,0,2,3,995,0,3,2,995,0,3,2,995,0,3,2,995,0,3,2,995,0.733305437221959,0.752991938549149,0.733305437221959
0,3,2,995,0,3,2,995,0,3,2,995,0,3,2,995,0,3,2,995,0,3,2,995,0,3,2,995,0,2,3,995,0,3,2,995,0,3,2,995,0,3,2,995,0,3,2,995,0.717955940776389,0.726669011244334,0.715995940364829
1,2,3,994,0,2,3,995,0,2,3,995,0,2,3,995,0,3,2,995,0,3,2,995,0,3,2,995,0,3,2,995,0,3,2,995,0,2,3,995,0,2,3,995,0,2,3,995,0.763671799717111,0.73999012707919,0.770487171749594
0,4,1,995,0,4,1,995,0,4,1,995,0,4,1,995,0,4,1,995,0,4,1,995,0,4,1,995,0,3,2,995,0,4,1,995,0,4,1,995,0,4,1,995,0,3,2,995,0.733093384452462,0.733700282750228,0.733371937302511
0,2,3,995,0,2,3,995,0,2,3,995,0,2,3,995,0,2,3,995,0,2,3,995,0,2,3,995,0,2,3,995,0,2,3,995,0,2,3,995,0,2,3,995,0,2,3,995,0.820669690422011,0.832405519322607,0.826447786348368
0,3,2,995,0,3,2,995,0,3,2,995,0,3,2,995,0,3,2,995,0,3,2,995,0,3,2,995,0,3,2,995,0,3,2,995,0,3,2,995,0,3,2,995,0,3,2,995,0.764909657005014,0.761149744864211,0.76691305469492
0,3,2,995,0,3,2,995,0,3,2,995,0,3,2,995,0,3,2,995,0,3,2,995,0,3,2,995,0,3,2,995,0,3,2,995,0,3,2,995,0,3,2,995,0,3,2,995,0.747459591275328,0.718613972723348,0.747459591275328
0,3,2,995,0,3,2,995,0,3,2,995,0,3,2,995,0,3,2,995,0,3,2,995,0,3,2,995,0,3,2,995,0,3,2,995,0,3,2,995,0,3,2,995,0,2,3,995,0.762467106912873,0.762629763539046,0.763918764482567
0,2,3,995,0,2,3,995,0,2,3,995,0,2,3,995,0,2,3,995,0,2,3,995,0,2,3,995,0,2,3,995,0,2,3,995,0,2,3,995,0,2,3,995,0,2,3,995,0.82559866801489,0.79130505467405,0.786999188079432
0,3,2,995,0,3,2,995,0,3,2,995,0,3,2,995,0,3,2,995,0,3,2,995,0,3,2,995,0,3,2,995,0,3,2,995,0,3,2,995,0,3,2,995,0,3,2,995,0.751291582332504,0.754433453707233,0.754684492908106
1,3,2,994,1,3,2,994,1,3,2,994,0,3,2,995,1,3,2,994,1,3,2,994,1,3,2,994,0,3,2,995,1,3,2,994,1,3,2,994,1,3,2,994,0,3,2,995,0.724325086480357,0.71024314333324,0.725748154725885
0,3,2,995,0,3,2,995,0,3,2,995,0,3,2,995,0,3,2,995,0,3,2,995,0,3,2,995,0,3,2,995,0,3,2,995,0,3,2,995,0,3,2,995,0,3,2,995,0.769918318849766,0.774170478828046,0.769049796904714
0,3,2,995,0,3,2,995,0,3,2,995,0,3,2,995,0,3,2,995,0,3,2,995,0,3,2,995,0,3,2,995,0,3,2,995,0,3,2,995,0,3,2,995,0,3,2,995,0.715806644938862,0.799984225009849,0.799984225009849
0,3,2,995,0,3,2,995,0,3,2,995,0,3,2,995,0,3,2,995,0,3,2,995,0,3,2,995,0,3,2,995,0,3,2,995,0,3,2,995,0,3,2,995,0,3,2,995,0.716477514589222,0.749805947464253,0.749805947464253
0,2,3,995,0,2,3,995,0,2,3,995,0,2,3,995,0,2,3,995,0,2,3,995,0,2,3,995,0,2,3,995,0,2,3,995,0,2,3,995,0,2,3,995,0,2,3,995,0.775196859120401,0.772443735397901,0.775196859120401
0,2,3,995,0,2,3,995,0,2,3,995,0,2,3,995,0,2,3,995,0,2,3,995,0,2,3,995,0,2,3,995,0,2,3,995,0,2,3,995,0,2,3,995,0,2,3,995,0.779252790531769,0.781977248207918,0.779252790531769
0,3,2,995,0,3,2,995,0,3,2,995,0,3,2,995,0,3,2,995,0,3,2,995,0,3,2,995,0,3,2,995,0,3,2,995,0,3,2,995,0,3,2,995,0,3,2,995,0.767707192405986,0.775996409785319,0.775943183317406
0,3,2,995,0,3,2,995,0,3,2,995,0,3,2,995,0,3,2,995,0,3,2,995,0,3,2,995,0,3,2,995,0,3,2,995,0,3,2,995,0,3,2,995,0,3,2,995,0.717793492659868,0.707722856066391,0.712008930767298
0,2,3,995,0,2,3,995,0,2,3,995,0,2,3,995,0,2,3,995,0,2,3,995,0,2,3,995,0,2,3,995,0,2,3,995,0,2,3,995,0,2,3,995,0,2,3,995,0.787334363850244,0.780735684017313,0.780735684017313
1,3,2,994,0,3,2,995,0,3,2,995,0,3,2,995,1,3,2,994,0,3,2,995,0,3,2,995,0,3,2,995,1,3,2,994,0,3,2,995,0,3,2,995,0,3,2,995,0.72709916691026,0.748587040055444,0.729890342330051
0,2,3,995,0,2,3,995,0,2,3,995,0,2,3,995,0,2,3,995,0,2,3,995,0,2,3,995,0,2,3,995,0,2,3,995,0,2,3,995,0,2,3,995,0,2,3,995,0.757528980622992,0.746637056000878,0.749180505043653
0,2,3,995,0,2,3,995,0,2,3,995,0,2,3,995,0,2,3,995,0,2,3,995,0,2,3,995,0,2,3,995,0,2,3,995,0,2,3,995,0,2,3,995,0,2,3,995,0.743095968222457,0.766373194760394,0.740317048904268
0,3,2,995,0,3,2,995,0,3,2,995,0,3,2,995,0,3,2,995,0,3,2,995,0,3,2,995,0,3,2,995,0,3,2,995,0,3,2,995,0,3,2,995,0,3,2,995,0.736751762287968,0.73100141132993,0.729763168324992
0,2,3,995,0,2,3,995,0,2,3,995,0,2,3,995,0,3,2,995,0,3,2,995,0,3,2,995,0,2,3,995,0,2,3,995,0,2,3,995,0,2,3,995,0,2,3,995,0.765771674872345,0.76519746215206,0.773321018684773
0,3,2,995,0,3,2,995,0,3,2,995,0,3,2,995,0,3,2,995,0,3,2,995,0,3,2,995,0,3,2,995,0,3,2,995,0,3,2,995,0,3,2,995,0,3,2,995,0.747687754797331,0.754769896679646,0.754422720883663
1,2,3,994,1,2,3,994,1,2,3,994,0,2,3,995,1,2,3,994,1,2,3,994,1,2,3,994,1,2,3,994,1,2,3,994,1,2,3,994,1,2,3,994,0,2,3,995,0.749196524796217,0.692367247985294,0.748920279091619
0,3,2,995,0,3,2,995,0,3,2,995,0,3,2,995,0,3,2,995,0,3,2,995,0,3,2,995,0,3,2,995,0,3,2,995,0,3,2,995,0,3,2,995,0,3,2,995,0.773932814542753,0.778072548292019,0.760394894721717
0,4,1,995,0,4,1,995,0,3,2,995,0,3,2,995,0,4,1,995,0,3,2,995,0,3,2,995,0,3,2,995,0,4,1,995,0,4,1,995,0,3,2,995,0,3,2,995,0.732607741000809,0.743065054829276,0.732899540176587
1,2,3,994,1,2,3,994,1,2,3,994,0,2,3,995,1,2,3,994,1,2,3,994,1,2,3,994,1,2,3,994,1,2,3,994,1,2,3,994,1,2,3,994,1,2,3,994,0.738827291113202,0.74265945640317,0.747318088850064
0,3,2,995,0,3,2,995,0,3,2,995,0,2,3,995,0,3,2,995,0,3,2,995,0,3,2,995,0,2,3,995,0,3,2,995,0,3,2,995,0,3,2,995,0,2,3,995,0.738485866540117,0.725475088899713,0.738558345887285
0,3,2,995,0,3,2,995,0,3,2,995,0,3,2,995,0,3,2,995,0,3,2,995,0,3,2,995,0,3,2,995,0,3,2,995,0,3,2,995,0,3,2,995,0,3,2,995,0.75652835828093,0.756782530576283,0.754878098251592
0,3,2,995,0,3,2,995,0,3,2,995,0,3,2,995,0,3,2,995,0,3,2,995,0,3,2,995,0,3,2,995,0,3,2,995,0,3,2,995,0,3,2,995,0,3,2,995,0.756087887695315,0.740486092502021,0.773995557551426
0,3,2,995,0,3,2,995,0,3,2,995,0,3,2,995,0,3,2,995,0,3,2,995,0,3,2,995,0,3,2,995,0,3,2,995,0,3,2,995,0,3,2,995,0,3,2,995,0.752608239201163,0.75280857669346,0.75280857669346
0,2,3,995,0,2,3,995,0,2,3,995,0,2,3,995,0,2,3,995,0,2,3,995,0,2,3,995,0,2,3,995,0,2,3,995,0,2,3,995,0,2,3,995,0,2,3,995,0.838455558234,0.828609792659778,0.835983412105397
0,3,2,995,0,3,2,995,0,3,2,995,0,3,2,995,0,3,2,995,0,3,2,995,0,3,2,995,0,3,2,995,0,3,2,995,0,3,2,995,0,3,2,995,0,3,2,995,0.741555587563468,0.743516043271869,0.744357136494166
0,2,3,995,0,2,3,995,0,2,3,995,0,2,3,995,0,2,3,995,0,2,3,995,0,2,3,995,0,2,3,995,0,2,3,995,0,2,3,995,0,2,3,995,0,2,3,995,0.791360613828016,0.784747573265429,0.78609559676833
0,2,3,995,0,2,3,995,0,2,3,995,0,2,3,995,0,2,3,995,0,2,3,995,0,2,3,995,0,2,3,995,0,2,3,995,0,2,3,995,0,2,3,995,0,2,3,995,0.808463850594814,0.802306060127961,0.805452083596633
0,3,2,995,0,3,2,995,0,3,2,995,0,3,2,995,0,3,2,995,0,3,2,995,0,3,2,995,0,3,2,995,0,3,2,995,0,3,2,995,0,3,2,995,0,3,2,995,0.678100629196602,0.728600314804347,0.678146434870143
0,4,1,995,0,4,1,995,0,4,1,995,0,4,1,995,0,4,1,995,0,4,1,995,0,4,1,995,0,4,1,995,0,4,1,995,0,4,1,995,0,4,1,995,0,4,1,995,0.696044983592868,0.683689285791619,0.696044983592868
0,3,2,995,0,3,2,995,0,3,2,995,0,3,2,995,0,3,2,995,0,3,2,995,0,3,2,995,0,3,2,995,0,3,2,995,0,3,2,995,0,3,2,995,0,3,2,995,0.68885679996456,0.748975324189026,0.753576863594279
1,2,3,994,1,2,3,994,0,2,3,995,0,2,3,995,1,2,3,994,1,2,3,994,0,2,3,995,0,2,3,995,1,2,3,994,1,2,3,994,0,2,3,995,0,2,3,995,0.767122655531481,0.751956787819331,0.771506695679631
